Tweet_count,Username,Text,Created At,Retweets,Likes
1,National Center for Seismology,"EQ of M: 3.1, On: 19/02/2025 23:43:03 IST, Lat: 25.925 N, Long: 90.32 E, Depth: 10 Km, Location: West Garo Hills, Meghalaya. 
For more information Download the BhooKamp App 
https://t.co/5gCOtjdtw0 
@DrJitendraSingh 
@OfficeOfDrJS 
@Ravi_MoES  
@Dr_Mishra1966 
@ndmaindia https://t.co/mdYR6eAnVs",Wed Feb 19 18:22:51 +0000 2025,3,7
2,Chetan Bragta,"Himachal Pradesh at High Risk of Natural Disasters

A recent IIT Ropar study reveals that over 45% of Himachal Pradesh is vulnerable to landslides, floods, and avalanches. The most affected areas are steep mountain slopes, especially those above 3,000 meters.

Unplanned",Tue Feb 18 05:06:52 +0000 2025,33,116
3,"Information & PR, J&K","Minister for Jal Shakti, Javed Ahmed Rana co-chairs session on 'Flood Plaining Zones' at the 2nd All India State Water Ministers' Conference, 2025, in Udaipur, Rajasthan. He emphasized the importance of adopting a flood plain zoning approach to effectively manage floods, minimize https://t.co/e97kDeFpHA",Wed Feb 19 11:58:21 +0000 2025,13,13
4,ADG PI - INDIAN ARMY,"#GeneralUpendraDwivedi, #COAS, visited the Smritivan Earthquake Memorial and Museum at #Bhuj. 

The museum which is dedicated to the victims of #Gujarat earthquake of 2001, has been nominated as one of the world's most beautiful museums by #UNESCO's prestigious Prix Versailles. https://t.co/HyxudbN5Va",Sun Feb 02 06:34:00 +0000 2025,177,904
5,Hminga Hrahsel,"üìç#PhawngpuiNationalPark, also known as Blue Mountain National Park, is home to #Mizoram's highest peak &amp; a sanctuary for rare birds &amp; wildlife. A paradise for #nature lovers! üèîÔ∏èü¶ú #Mizoram #Phawngpui #NatureBeauty #Northeast #Manipur #earthquake #ABDevilliers #SK23 https://t.co/MBIjFOGET2",Mon Feb 17 03:51:10 +0000 2025,0,2
6,5 NDRF PUNE,"Team 5 NDRF conducted a District-level flood mock exercise at Vadem Beach, South Goa, with participation from the Civil Administration, Fire Dept, Police, CISF, Coast Guard, HealthDept, students, and Electric Dept. #NDRF #DisasterManagement

@sdmagoa @NDRFHq @PIBMumbai@ndmaindia https://t.co/SwJd1VkmDQ",Sat Feb 15 13:38:49 +0000 2025,3,23
7,The Assam Rifles,"ASSAM RIFLES COMMEMORATES FALLEN SOLDIERS WITH VEER NARIS VISIT TO TUPUL LANDSLIDE SITE
The #AssamRifles fulfilled a long cherished wish of 30 Veer Naris and their families by facilitating a visit to the site of the Tupul landslide, where brave soldiers made the ultimate https://t.co/QI5S4QRB8D",Fri Feb 07 03:42:21 +0000 2025,8,93
8,PIB India,"‚û°Ô∏è High Level Committee, under the chairmanship of Union Home Minister and Minister of Cooperation @AmitShah approves ‚Çπ 1554.99 crore of additional Central assistance to five States 

‚û°Ô∏è Andhra Pradesh, Nagaland, Odisha, Telangana and Tripura to get funds for floods/ flash",Wed Feb 19 05:31:59 +0000 2025,7,37
9,Organiser Weekly,"#SardarSarovarDam: A Lifeline for Millions

The Sardar Sarovar Dam has been a game-changer for Gujarat, Rajasthan, Madhya Pradesh, and Maharashtra, transforming lives through water supply, power generation, and flood protection.  

-Drinking Water Supply: The dam provides https://t.co/nQPqoxl3Ff",Sat Feb 15 06:27:25 +0000 2025,5,10
10,5 NDRF PUNE,"""Team 5NDRF participated  a joint district-level Table Top Exercise on Flood &amp; Cyclone preparedness at Ravinder Bhavan BAINA , South Goa, enhancing coordination and readiness. #DisasterManagement
@sdmagoa @NDRFHq @ndmaindia¬†@PIBMumbai"" https://t.co/cI54R4PriW",Thu Feb 13 13:38:19 +0000 2025,2,19
11,Fakawma,"#MurlenNationalPark Mizoram ‚Äì A hidden paradise in the lap of #nature! üåø
With lush green hills, breathtaking waterfalls, &amp; serene landscapes, it's one of India's most beautiful states.  #Mizoram #IncredibleIndia #NatureLover #Manipur #Northeast #earthquake #ABDevilliers https://t.co/M93XlEctcP",Mon Feb 17 03:17:05 +0000 2025,0,3
12,DIP Goa,"Collector and District Disaster Management Authority, North Goa, Panaji and National Disaster Response Force 5 BN Pune and other stakeholders conducted Disaster management mock exercise on cyclone and flood at ferry point, Panaji. (1/3) https://t.co/tfQ8ysGCU6",Wed Feb 12 11:00:12 +0000 2025,0,8
13,Vishwa Mohan,"Only 11 states/UTs have, so far, covered all rural households by providing potable tap water connections. These are: Andaman &amp; Nicobar Islands, Arunachal Pradesh, DNH &amp; DD, Goa, Gujarat, Haryana, Himachal Pradesh, Mizoram, Puducherry, Punjab and Telangana. https://t.co/rKTaO19Xhg",Wed Feb 12 03:30:13 +0000 2025,0,1
14,Bong Political Guru ‚òÄÔ∏è,"Year 2019 

Bjp won 303 LS seats , got 40 seats in Haryana, fail to form govt in MH &amp; badly lost Delhi 

Year 2024 

BJP won 240 LS seats but got absolute majority in Haryana, Landslide victory in MH , forming govt in Delhi after 27 long years 

‡§π‡•ã‡§á‡§π‡§ø ‡§∏‡•ã‡§á ‡§ú‡•ã ‡§∞‡§æ‡§Æ ‡§∞‡§ö‡§ø ‡§∞‡§æ‡§ñ‡§æ.. üôè https://t.co/n9kVGnTwUX",Tue Feb 18 18:33:56 +0000 2025,155,1146
15,National Center for Seismology,"EQ of M: 4.0, On: 17/02/2025 08:02:08 IST, Lat: 25.93 N, Long: 84.42 E, Depth: 10 Km, Location: Siwan, Bihar. 
For more information Download the BhooKamp App 
https://t.co/5gCOtjdtw0 
@DrJitendraSingh 
@OfficeOfDrJS 
@Ravi_MoES  
@Dr_Mishra1966 
@ndmaindia https://t.co/nw8POEed0M",Mon Feb 17 02:57:07 +0000 2025,55,247
16,Jal Jeevan Mission Assam,"#JJMImpact | Jal Jeevan Mission has emerged as a beacon of hope for countless households in rural Assam, ensuring access to safe drinking water even in the midst of devastating floods.

#JJMAssam #FloodResilience #JalJeevanMission 

@CMOfficeAssam 
@CRPaatil 
@jayanta_malla https://t.co/erJtC9zrAW",Tue Feb 11 11:48:41 +0000 2025,0,3
17,PIB In Meghalaya,"‚û°Ô∏è High Level Committee, under the chairmanship of @HMOIndia @AmitShah approves ‚Çπ 1554.99 cr of additional assistance to 5 States 

‚û°Ô∏è Andhra Pradesh, Nagaland, Odisha, Telangana &amp; Tripura to get funds for floods, landslides, cyclonic storm during 2024
üîó https://t.co/b1HZXeLP5k",Wed Feb 19 07:11:39 +0000 2025,0,0
18,Dhirendra Pratap Singh,"#SardarSarovarDam: A Lifeline for Millions. The Sardar Sarovar Dam has been a game-changer for Gujarat, Rajasthan, Madhya Pradesh, and Maharashtra, transforming lives through water supply, power generation, and flood protection. https://t.co/wMD8rRE42P",Sat Feb 15 15:01:39 +0000 2025,0,0
19,SonamRai,"If untouched trails, misty peaks, and wild escapes call your name, Arunachal Pradesh is your next dream destination! üåø‚ú® Hike, camp, and explore the hidden gems of the Himalayas.#MountainEscape #OffbeatTravel #ArunachalPradesh #VirtueOfHonesty 
#earthquake https://t.co/N0tFE6w8JK",Tue Feb 18 06:14:17 +0000 2025,0,3
20,The Dindu,"#News
Kerala youths flood the internet to defend their state against a non-threatening jibe to highlight the crippling unemployment and high stupidity in God's own country. https://t.co/zfGOa4KtIJ",Fri Feb 14 13:52:41 +0000 2025,1,6
21,Patna Pulse,"Centre &amp; Bihar Join Hands for Flood Protectionüî•

The Ministry of Jal Shakti has sanctioned three major flood protection projects for Bihar in its 157th Technical Advisory Committee meeting in Delhi.

Bagmati-Shanti Dhar-Burhi Gandak Link ‚Äì Reviving Shanti Dhar to reduce floods &amp; https://t.co/oV9t1Pwzyk",Wed Feb 12 05:16:57 +0000 2025,14,96
22,Jai Maharashtra News,"Raigad Earthquake : ‡§∞‡§æ‡§Ø‡§ó‡§° ‡§ú‡§ø‡§≤‡•ç‡§π‡•ç‡§Ø‡§æ‡§§ ‡§≠‡•Ç‡§ï‡§Ç‡§™‡§æ‡§ö‡•á ‡§ß‡§ï‡•ç‡§ï‡•á: ‡§™‡•á‡§£-‡§∏‡•Å‡§ß‡§æ‡§ó‡§° ‡§§‡§æ‡§≤‡•Å‡§ï‡•ç‡§Ø‡§æ‡§§ ‡§≠‡•Ä‡§§‡•Ä‡§ö‡•á ‡§µ‡§æ‡§§‡§æ‡§µ‡§∞‡§£
https://t.co/INj07jYMlz",Thu Feb 20 03:27:05 +0000 2025,0,0
23,The Caravan,"In 2022, the Aam Aadmi Party won a landslide victory in Punjab‚Äîthe first state the party had won after Delhi. The AAP closed the year by wresting control of the Municipal Corporation of Delhi, ending the BJP‚Äôs 15-year reign over Delhi‚Äôs local bodies, and being recognised by the https://t.co/LVX245xf5K",Thu Feb 20 03:30:00 +0000 2025,0,0
24,The Hindu - Kerala,"#Kerala Finance department has cleared a ‚Çπ35-crore project for reconstructing the bridge at Chooralmala in #Wayanad district that was destroyed in the July 30, 2024 landslides

https://t.co/cMOPIl2E5Z",Wed Feb 19 07:52:34 +0000 2025,0,2
25,In Goa 24x7,"Foundation stone laid for Calizor &amp; Attafondem Bund by Adv @carlosgoa25. The project aims to enhance flood protection and support local agriculture
WATCH : https://t.co/cPfRg1Fdl9

#Goa #GoaNews #FoundationStone #project #bund https://t.co/Bw0ZR1z5eF",Tue Feb 11 13:00:02 +0000 2025,1,4
26,Biyuram Wahge BJP (‡§Æ‡•ã‡§¶‡•Ä ‡§ï‡§æ ‡§™‡§∞‡§ø‡§µ‡§æ‡§∞),"BJP Gujarat Shines Again!

With a phenomenal 96% strike rate, @BJP4Gujarat has once again proven its unbreakable bond with the people!

This landslide victory is a tribute to the relentless efforts of BJP Karyakartas and the visionary leadership of HPM @narendramodi Ji. 

1/2 https://t.co/HsXR5gWnY8",Tue Feb 18 16:03:41 +0000 2025,1,13
27,@01NDRF,"Participated in a Mock Exerice on Flood water rescue at Panchratanghat on Brahmaputra River, Goalpara, Assam. This simulation is crucial in preparing for potential emergencies and ensuring the team's readiness to respond to such situations.
@NDRFHQ 
@ndmaindia 
@PIB_Guwahati https://t.co/fP46zhSE3z",Sat Feb 15 16:19:32 +0000 2025,3,9
28,Anooshka Soham Bathwal,"The government has approved ‚Çπ1,554.99 crore in disaster relief for five states affected by floods, landslides &amp; cyclones in 2024‚Äîa much-needed step towards recovery.

Here‚Äôs how the funds are allocated:
üîπ Andhra Pradesh ‚Äì ‚Çπ608.08 cr
üîπ Nagaland ‚Äì ‚Çπ170.99 cr
üîπ Odisha ‚Äì",Wed Feb 19 12:05:18 +0000 2025,0,0
29,JAVED AHMED RANA,"Co-chaired a session at the 2nd All India State Water Ministers' Conference in Udaipur, Rajasthan, where I stressed the importance of adopting flood plain zoning approaches to manage floods, minimize damage and ensure a safer region for all.

I also shared JK Government‚Äôs efforts https://t.co/QVYdcVxkoi",Wed Feb 19 13:10:31 +0000 2025,3,30
30,Bihar_se_hai,"The 1934 earthquake in Bihar, also known as the 1934 Nepal-India earthquake, was one of the most devastating seismic events in the region's history. Here are some key details: https://t.co/jv6HXMMBgU",Tue Feb 18 04:13:05 +0000 2025,15,230
31,Bihar Mausam Sewa Kendra,"‡§≠‡•Ç‡§ï‡§Ç‡§™ ‡§∞‡§ø‡§™‡•ã‡§∞‡•ç‡§ü (13 ‡§´‡§∞‡§µ‡§∞‡•Ä 2025)
Earthquake Report (13 February 2025)
@IPRD_Bihar @BiharDMD @BsdmaBihar @airnews_patna @PIB_patna @WRD_bihar @officecmbihar @BiharPlanning
#Bihar #realised #earthquake #Epicenter #24hours https://t.co/KdkifbbBB3",Thu Feb 13 05:19:19 +0000 2025,2,1
32,Samakalika Malayalam,"‡¥ï‡¥¥‡¥ø‡¥û‡µç‡¥û ‡¥µ‡¥∞‡µç‚Äç‡¥∑‡¥Ç ‡¥™‡µç‡¥∞‡¥ï‡µÉ‡¥§‡¥ø‡¥ï‡µç‡¥∑‡µã‡¥≠‡¥Ç ‡¥®‡µá‡¥∞‡¥ø‡¥ü‡µç‡¥ü ‡¥∏‡¥Ç‡¥∏‡µç‡¥•‡¥æ‡¥®‡¥ô‡µç‡¥ô‡¥≥‡µç‚Äç‡¥ï‡µç‡¥ï‡µç ‡¥Ö‡¥ß‡¥ø‡¥ï ‡¥ß‡¥®‡¥∏‡¥π‡¥æ‡¥Ø‡¥Ç ‡¥Ö‡¥®‡µÅ‡¥µ‡¥¶‡¥ø‡¥ö‡µç‡¥ö‡µç ‡¥ï‡µá‡¥®‡µç‡¥¶‡µç‡¥∞‡¥∏‡¥∞‡µç‚Äç‡¥ï‡µç‡¥ï‡¥æ‡¥∞‡µç‚Äç. ‡¥é‡¥®‡µç‡¥®‡¥æ‡¥≤‡µç‚Äç ‡¥á‡¥§‡¥ø‡¥≤‡µÅ‡¥Ç ‡¥ï‡µá‡¥∞‡¥≥‡¥§‡µç‡¥§‡µÜ ‡¥§‡¥¥‡¥û‡µç‡¥û‡µÅ.
&gt;&gt;Read full story: https://t.co/mtogf5xc5o

#AmitShah  #disaster #Relief #extrafunds #avoid #kerala #Flood  #LANDSLIDE https://t.co/AokrTCrpjl",Wed Feb 19 07:45:39 +0000 2025,0,0
33,Daksh,"As someone who comes from a very heavy seismic prone area and has experienced really bad earthquakes in Assam, this #earthquake in Delhi today, felt eerie. It wasnt normal. Idk how to explain.",Mon Feb 17 00:24:34 +0000 2025,0,12
34,Simranjeet Kaur,Neither you nor your Khalistan will ever prevail over our Punjab. #PunjabNotForKhalistan #GarbagePannun #pannun #earthquake #sikh https://t.co/uzJ5UWaFBb,Mon Feb 17 06:42:26 +0000 2025,1,5
35,Modern Shrines Publications,"Andhra Pradesh, Nagaland, Odisha, Telangana and Tripura to get funds for floods/ flash flood, landslides, cyclonic storm that occurred during 2024 https://t.co/SOLJM7VJUE via @modernshrines",Wed Feb 19 07:37:34 +0000 2025,0,0
36,Andhra Pradesh Community-managed Natural Farming,"The 2000m¬≤ team visited the @iggaarl Farmer Scientist Field, which was inundated by heavy rainfall in September 2024. During the visit, they met with Farmer S. Dileep Kumar, who recounted his experience of banana crops exhibiting better resilience during floods.
@vijaythallam, https://t.co/7tobXzvMnT",Mon Feb 17 13:10:06 +0000 2025,2,5
37,Haryana Ahead,"#WATCH | 'There are so many reasons for India to be such a beautiful country. I can learn so much in one place . The colours are amazing, the food is delicious &amp; the crowds are great', tells a guest from the USA at Surajkund Mela.  

#HaryanaNews #earthquake #KumbhMela #Haryana https://t.co/D980NDkuZJ",Mon Feb 17 05:50:31 +0000 2025,17,19
38,Ashok Malik,"Rs 1555 cr additional aid to 5 states hit by #natural_calamities
Centre approved Rs 1554.99 cr additional aid to 5 states hit by floods, flash floods, landslides and #cyclonic_storms in 2024. #Kerala that suffered deadly #WayanadLandslides is¬†not in list.
https://t.co/IPjRHJWWLW",Wed Feb 19 18:57:45 +0000 2025,0,0
39,Smritivan Earthquake Museum,"Look closer‚Äîthere‚Äôs a story waiting to be discovered. ‚ú® From breathtaking landscapes to immersive exhibits, Smritivan is more than a museum; it‚Äôs an experience you can‚Äôt ignore. Are you ready to see it for yourself?

#Smritivan #WorldsMostBeautifulMuseum #Bhuj #Kutch #Gujarat https://t.co/2howDYB148",Wed Feb 12 10:08:13 +0000 2025,0,5
ssam Tribune,"The Centre has approved the National Glacial Lake Outburst Flood Risk Mitigation Project (NGRMP), aimed at reducing the devastating impact of glacial lake outburst floods (GLOFs).

The project will be implemented in four states‚ÄîArunachal Pradesh, Sikkim, Himachal Pradesh, and https://t.co/Zd5NodAe3l",Tue Feb 04 13:08:45 +0000 2025,0,0
